,"Airborne Southwest ""Southwest"" (SWA) Aircraft","Airborne Southwest ""Southwest"" (SWA) Aircraft","Airborne Southwest ""Southwest"" (SWA) Aircraft","Airborne Southwest ""Southwest"" (SWA) Aircraft","Airborne Southwest ""Southwest"" (SWA) Aircraft","Airborne Southwest ""Southwest"" (SWA) Aircraft","Airborne Southwest ""Southwest"" (SWA) Aircraft","Airborne Southwest ""Southwest"" (SWA) Aircraft"
,Ident,Type,Origin,Destination,Departure,Estimated Arrival Time,Unnamed: 6_level_1,Unnamed: 7_level_1
0,SWA1003,B737,Baltimore/Washington Intl (KBWI),San Antonio Intl (KSAT),Tue 07:22PM EDT,Tue 09:59PM CDT,,
1,SWA1005,B38M,Denver Intl (KDEN),Sacramento Intl (KSMF),Tue 04:14PM MDT,Tue 05:36PM PDT,,
2,SWA1018,B737,Cancun Int'l (CUN / MMUN),Denver Intl (KDEN),Tue 04:00PM EST,Tue 06:39PM MDT,,
3,SWA1036,B738,Los Angeles Intl (KLAX),Kahului (OGG / PHOG),Tue 01:16PM PDT,Tue 03:31PM HST,,
4,SWA1039,B737,Daugherty Field (KLGB),Dallas Love Fld (KDAL),Tue 03:17PM PDT,Tue 07:45PM CDT,,
5,SWA1041,B38M,Raleigh-Durham Intl (KRDU),Chicago Midway Intl (KMDW),Tue 07:10PM EDT,Tue 07:55PM CDT,,
6,SWA1044,B737,Daugherty Field (KLGB),Denver Intl (KDEN),Tue 04:42PM PDT,Tue 07:33PM MDT,,
7,SWA1052,B38M,Denver Intl (KDEN),Orlando Intl (KMCO),Tue 03:47PM MDT,Tue 08:37PM EDT,,
8,SWA1053,B38M,Baltimore/Washington Intl (KBWI),Dallas Love Fld (KDAL),Tue 07:14PM EDT,Tue 09:15PM CDT,,
9,SWA1061,B737,Dallas Love Fld (KDAL),Sacramento Intl (KSMF),Tue 03:27PM CDT,Tue 04:53PM PDT,,
10,SWA1063,B738,Denver Intl (KDEN),Will Rogers World (KOKC),Tue 05:26PM MDT,Tue 07:34PM CDT,,
11,SWA1067,B38M,Dallas Love Fld (KDAL),Reagan National (KDCA),Tue 06:23PM CDT,Tue 09:38PM EDT,,
12,SWA1078,B38M,Muhammad Ali Intl (KSDF),Phoenix Sky Harbor Intl (KPHX),Tue 05:14PM EDT,Tue 05:35PM MST,,
13,SWA1082,B38M,Baltimore/Washington Intl (KBWI),Manchester Boston Rgnl (KMHT),Tue 07:48PM EDT,Tue 08:53PM EDT,,
14,SWA1088,B737,Jacksonville Intl (KJAX),Baltimore/Washington Intl (KBWI),Tue 06:57PM EDT,Tue 08:28PM EDT,,
15,SWA1091,B38M,Austin-Bergstrom Intl (KAUS),Los Angeles Intl (KLAX),Tue 04:07PM CDT,Tue 04:56PM PDT,,
16,SWA1111,B737,San Diego Intl (KSAN),Denver Intl (KDEN),Tue 03:43PM PDT,Tue 06:36PM MDT,,
17,SWA1119,B738,Nashville Intl (KBNA),Harry Reid Intl (KLAS),Tue 04:14PM CDT,Tue 05:50PM PDT,,
18,SWA112,B737,William P Hobby (KHOU),Juan Santamaria Int'l (SJO / MROC),Tue 05:19PM CDT,Tue 07:35PM CST,,
19,SWA113,B738,William P Hobby (KHOU),Baltimore/Washington Intl (KBWI),Tue 06:10PM CDT,Tue 09:36PM EDT,,
20,SWA1138,B737,Harry Reid Intl (KLAS),El Paso Intl (KELP),Tue 04:23PM PDT,Tue 06:33PM MDT,,
21,SWA1140,B738,Orlando Intl (KMCO),St Louis Lambert Intl (KSTL),Tue 07:23PM EDT,Tue 08:46PM CDT,,
22,SWA1145,B737,Minneapolis/St Paul Intl (KMSP),Baltimore/Washington Intl (KBWI),Tue 05:49PM CDT,Tue 08:41PM EDT,,
23,SWA1171,B737,Hartsfield-Jackson Intl (KATL),Austin-Bergstrom Intl (KAUS),Tue 06:20PM EDT,Tue 07:33PM CDT,,
24,SWA1183,B737,Chicago Midway Intl (KMDW),Hartsfield-Jackson Intl (KATL),Tue 06:01PM CDT,Tue 08:18PM EDT,,
25,SWA1190,B38M,Myrtle Beach Intl (KMYR),Baltimore/Washington Intl (KBWI),Tue 07:45PM EDT,Tue 08:52PM EDT,,
26,SWA1200,B38M,Phoenix Sky Harbor Intl (KPHX),Los Angeles Intl (KLAX),Tue 04:42PM MST,Tue 05:50PM PDT,,
27,SWA1204,B38M,Boston Logan Intl (KBOS),Chicago Midway Intl (KMDW),Tue 07:48PM EDT,Tue 09:06PM CDT,,
28,SWA123,B737,San Diego Intl (KSAN),Reno/Tahoe Intl (KRNO),Tue 04:43PM PDT,Tue 05:54PM PDT,,
29,SWA1233,B737,Charlotte/Douglas Intl (KCLT),Baltimore/Washington Intl (KBWI),Tue 07:40PM EDT,Tue 08:35PM EDT,,
30,SWA1275,B737,John Wayne (KSNA),Denver Intl (KDEN),Tue 04:11PM PDT,Tue 07:05PM MDT,,
31,SWA1297,B738,Austin-Bergstrom Intl (KAUS),Orlando Intl (KMCO),Tue 05:41PM CDT,Tue 08:50PM EDT,,
32,SWA130,B737,John Glenn Columbus Intl Airport (KCMH),Chicago Midway Intl (KMDW),Tue 07:04PM EDT,Tue 06:55PM CDT,,
33,SWA1306,B737,Sacramento Intl (KSMF),John Wayne (KSNA),Tue 04:19PM PDT,Tue 05:25PM PDT,,
34,SWA1317,B737,San Jose Int'l (KSJC),San Diego Intl (KSAN),Tue 04:05PM PDT,Tue 05:07PM PDT,,
35,SWA1329,B738,Albany Intl (KALB),Chicago Midway Intl (KMDW),Tue 07:08PM EDT,Tue 07:58PM CDT,,
36,SWA1334,B38M,Milwaukee Mitchell Intl Airport (KMKE),Baltimore/Washington Intl (KBWI),Tue 06:16PM CDT,Tue 08:37PM EDT,,
37,SWA1341,B737,Chicago Midway Intl (KMDW),Austin-Bergstrom Intl (KAUS),Tue 04:53PM CDT,Tue 07:12PM CDT,,
38,SWA1344,B38M,Tampa Intl (KTPA),Dallas Love Fld (KDAL),Tue 07:41PM EDT,Tue 08:52PM CDT,,
39,SWA1351,B737,El Paso Intl (KELP),Phoenix Sky Harbor Intl (KPHX),Tue 05:49PM MDT,Tue 05:55PM MST,,
40,SWA1372,B38M,Gowen Field (KBOI),Harry Reid Intl (KLAS),Tue 05:32PM MDT,Tue 05:52PM PDT,,
41,SWA1388,B38M,Chicago Midway Intl (KMDW),Phoenix Sky Harbor Intl (KPHX),Tue 04:27PM CDT,Tue 05:32PM MST,,
42,SWA1393,B737,Dallas Love Fld (KDAL),San Diego Intl (KSAN),Tue 05:10PM CDT,Tue 05:54PM PDT,,
43,SWA1396,B738,Seattle-Tacoma Intl (KSEA),San Jose Int'l (KSJC),Tue 03:54PM PDT,Tue 05:32PM PDT,,
44,SWA1400,B738,Eppley Airfield (KOMA),Denver Intl (KDEN),Tue 06:34PM CDT,Tue 06:42PM MDT,,
45,SWA1411,B737,Harry Reid Intl (KLAS),Austin-Bergstrom Intl (KAUS),Tue 04:16PM PDT,Tue 08:24PM CDT,,
46,SWA1412,B737,Denver Intl (KDEN),Chicago Midway Intl (KMDW),Tue 04:35PM MDT,Tue 07:19PM CDT,,
47,SWA1413,B38M,Orlando Intl (KMCO),Bradley Intl (KBDL),Tue 07:45PM EDT,Tue 10:03PM EDT,,
48,SWA1430,B737,San Diego Intl (KSAN),Nashville Intl (KBNA),Tue 03:21PM PDT,Tue 08:36PM CDT,,
49,SWA1437,B737,Nashville Intl (KBNA),William P Hobby (KHOU),Tue 05:48PM CDT,Tue 07:35PM CDT,,
50,SWA1438,B737,Baltimore/Washington Intl (KBWI),Palm Beach Intl (KPBI),Tue 07:31PM EDT,Tue 09:33PM EDT,,
51,SWA1441,B738,Kansas City Intl (KMCI),Baltimore/Washington Intl (KBWI),Tue 05:33PM CDT,Tue 08:25PM EDT,,
52,SWA1461,B38M,Ellison Onizuka Kona Intl At Keahole (KOA / PHKO),Metro Oakland Intl (KOAK),Tue 10:38AM HST,Tue 06:21PM PDT,,
53,SWA1466,B38M,Phoenix Sky Harbor Intl (KPHX),Seattle-Tacoma Intl (KSEA),Tue 03:02PM MST,Tue 05:46PM PDT,,
54,SWA1467,B738,Milwaukee Mitchell Intl Airport (KMKE),Phoenix Sky Harbor Intl (KPHX),Tue 06:49PM CDT,Tue 08:24PM MST,,
55,SWA1468,B38M,Fort Lauderdale Intl (KFLL),Reagan National (KDCA),Tue 07:23PM EDT,Tue 09:20PM EDT,,
56,SWA1471,B738,Baltimore/Washington Intl (KBWI),Fort Lauderdale Intl (KFLL),Tue 07:04PM EDT,Tue 09:12PM EDT,,
57,SWA1476,B737,William P Hobby (KHOU),Harry Reid Intl (KLAS),Tue 04:46PM CDT,Tue 05:38PM PDT,,
58,SWA1482,B38M,Nashville Intl (KBNA),Chicago O'Hare Intl (KORD),Tue 06:24PM CDT,Tue 07:37PM CDT,,
59,SWA1487,B38M,LaGuardia (KLGA),Denver Intl (KDEN),Tue 06:05PM EDT,Tue 07:50PM MDT,,
60,SWA1493,B737,Nashville Intl (KBNA),Orlando Intl (KMCO),Tue 05:33PM CDT,Tue 07:56PM EDT,,
61,SWA1499,B738,Albuquerque Intl Sunport (KABQ),Baltimore/Washington Intl (KBWI),Tue 03:03PM MDT,Tue 08:07PM EDT,,
62,SWA1500,B38M,Lihue (LIH / PHLI),Metro Oakland Intl (KOAK),Tue 10:59AM HST,Tue 06:49PM PDT,,
63,SWA1503,B737,Phoenix Sky Harbor Intl (KPHX),St Louis Lambert Intl (KSTL),Tue 03:15PM MST,Tue 07:40PM CDT,,
64,SWA1514,B737,St Louis Lambert Intl (KSTL),Dallas Love Fld (KDAL),Tue 06:04PM CDT,Tue 07:24PM CDT,,
65,SWA1524,B737,Reagan National (KDCA),St Louis Lambert Intl (KSTL),Tue 06:52PM EDT,Tue 07:52PM CDT,,
66,SWA1528,B737,Dallas Love Fld (KDAL),Harry Reid Intl (KLAS),Tue 05:53PM CDT,Tue 06:29PM PDT,,
67,SWA1538,B738,Chicago Midway Intl (KMDW),Phoenix Sky Harbor Intl (KPHX),Tue 06:27PM CDT,Tue 07:36PM MST,,
68,SWA1560,B738,Buffalo Niagara Intl (KBUF),Chicago Midway Intl (KMDW),Tue 07:51PM EDT,Tue 08:16PM CDT,,
69,SWA1576,B38M,Reno/Tahoe Intl (KRNO),Phoenix Sky Harbor Intl (KPHX),Tue 04:25PM PDT,Tue 05:38PM MST,,
70,SWA1579,B737,San Diego Intl (KSAN),San Jose Int'l (KSJC),Tue 04:13PM PDT,Tue 05:18PM PDT,,
71,SWA1592,B737,William P Hobby (KHOU),San Diego Intl (KSAN),Tue 04:49PM CDT,Tue 05:48PM PDT,,
72,SWA1604,B737,Daugherty Field (KLGB),Austin-Bergstrom Intl (KAUS),Tue 03:34PM PDT,Tue 07:56PM CDT,,
73,SWA1626,B737,Gowen Field (KBOI),Sacramento Intl (KSMF),Tue 05:46PM MDT,Tue 05:59PM PDT,,
74,SWA1627,B737,Harry Reid Intl (KLAS),Orlando Intl (KMCO),Tue 01:58PM PDT,Tue 08:41PM EDT,,
75,SWA1651,B738,Harry Reid Intl (KLAS),Chicago Midway Intl (KMDW),Tue 02:57PM PDT,Tue 07:51PM CDT,,
76,SWA1656,B38M,Daugherty Field (KLGB),Daniel K Inouye Intl (PHNL),Tue 12:15PM PDT,Tue 02:33PM HST,,
77,SWA1670,B737,Denver Intl (KDEN),Metro Oakland Intl (KOAK),Tue 03:38PM MDT,Tue 04:53PM PDT,,
78,SWA1677,B737,Bob Hope (KBUR),Harry Reid Intl (KLAS),Tue 04:20PM PDT,Tue 04:56PM PDT,,
79,SWA1696,B737,Indianapolis Intl (KIND),Kansas City Intl (KMCI),Tue 06:58PM EDT,Tue 07:10PM CDT,,
80,SWA1697,B737,Phoenix Sky Harbor Intl (KPHX),Dallas Love Fld (KDAL),Tue 03:05PM MST,Tue 06:55PM CDT,,
81,SWA1709,B738,Denver Intl (KDEN),Los Angeles Intl (KLAX),Tue 04:52PM MDT,Tue 05:48PM PDT,,
82,SWA1711,B737,Will Rogers World (KOKC),Harry Reid Intl (KLAS),Tue 06:41PM CDT,Tue 06:58PM PDT,,
83,SWA1712,B737,Bob Hope (KBUR),Reno/Tahoe Intl (KRNO),Tue 04:06PM PDT,Tue 05:02PM PDT,,
84,SWA1714,B738,Phoenix Sky Harbor Intl (KPHX),San Antonio Intl (KSAT),Tue 03:31PM MST,Tue 07:10PM CDT,,
85,SWA1715,B738,San Antonio Intl (KSAT),Hartsfield-Jackson Intl (KATL),Tue 05:24PM CDT,Tue 08:18PM EDT,,
86,SWA1716,B737,Portland Intl (KPDX),Sacramento Intl (KSMF),Tue 04:40PM PDT,Tue 05:58PM PDT,,
87,SWA1726,B737,Austin-Bergstrom Intl (KAUS),Indianapolis Intl (KIND),Tue 06:22PM CDT,Tue 09:08PM EDT,,
88,SWA1744,B738,San Diego Intl (KSAN),Harry Reid Intl (KLAS),Tue 04:32PM PDT,Tue 05:20PM PDT,,
89,SWA1751,B38M,Daniel K Inouye Intl (PHNL),Daugherty Field (KLGB),Tue 12:45PM HST,Tue 08:34PM PDT,,
90,SWA1766,B737,Harry Reid Intl (KLAS),Denver Intl (KDEN),Tue 04:39PM PDT,Tue 07:04PM MDT,,
91,SWA1770,B38M,San Antonio Intl (KSAT),El Paso Intl (KELP),Tue 06:23PM CDT,Tue 06:38PM MDT,,
92,SWA1771,B738,Harry Reid Intl (KLAS),Baltimore/Washington Intl (KBWI),Tue 04:10PM PDT,Tue 11:07PM EDT,,
93,SWA1775,B737,Nashville Intl (KBNA),Austin-Bergstrom Intl (KAUS),Tue 05:58PM CDT,Tue 07:51PM CDT,,
94,SWA1776,B737,Ontario Intl (KONT),William P Hobby (KHOU),Tue 02:18PM PDT,Tue 06:53PM CDT,,
95,SWA1780,B38M,Chicago Midway Intl (KMDW),Dallas Love Fld (KDAL),Tue 06:50PM CDT,Tue 08:44PM CDT,,
96,SWA1784,B38M,Daniel K Inouye Intl (PHNL),Kahului (OGG / PHOG),Tue 01:40PM HST,Tue 02:09PM HST,,
97,SWA1786,B737,Raleigh-Durham Intl (KRDU),Orlando Intl (KMCO),Tue 06:48PM EDT,Tue 08:14PM EDT,,
98,SWA1800,B38M,Kahului (OGG / PHOG),Los Angeles Intl (KLAX),Tue 11:33AM HST,Tue 07:14PM PDT,,
99,SWA1806,B38M,Nashville Intl (KBNA),Dallas Love Fld (KDAL),Tue 06:50PM CDT,Tue 08:25PM CDT,,
100,SWA181,B38M,Harry Reid Intl (KLAS),Ellison Onizuka Kona Intl At Keahole (KOA / PHKO),Tue 11:51AM PDT,Tue 02:40PM HST,,
101,SWA182,B38M,St Louis Lambert Intl (KSTL),William P Hobby (KHOU),Tue 05:54PM CDT,Tue 07:41PM CDT,,
102,SWA1823,B38M,Fort Lauderdale Intl (KFLL),Austin-Bergstrom Intl (KAUS),Tue 07:01PM EDT,Tue 08:39PM CDT,,
103,SWA184,B38M,Chicago Midway Intl (KMDW),Harry Reid Intl (KLAS),Tue 06:17PM CDT,Tue 07:45PM PDT,,
104,SWA1841,B737,Norfolk Intl (KORF),Denver Intl (KDEN),Tue 04:48PM EDT,Tue 06:23PM MDT,,
105,SWA1855,B737,Mahlon Sweet Fld (KEUG),Bob Hope (KBUR),Tue 03:30PM PDT,Tue 05:07PM PDT,,
106,SWA186,B737,Reagan National (KDCA),Dallas Love Fld (KDAL),Tue 06:23PM EDT,Tue 08:23PM CDT,,
107,SWA1860,B738,Harry Reid Intl (KLAS),Pittsburgh Intl (KPIT),Tue 04:21PM PDT,Tue 10:57PM EDT,,
108,SWA1866,B38M,John Glenn Columbus Intl Airport (KCMH),Harry Reid Intl (KLAS),Tue 04:31PM EDT,Tue 05:25PM PDT,,
109,SWA187,B737,Albuquerque Intl Sunport (KABQ),San Diego Intl (KSAN),Tue 05:35PM MDT,Tue 06:03PM PDT,,
110,SWA1870,B737,Orlando Intl (KMCO),Nashville Intl (KBNA),Tue 06:43PM EDT,Tue 07:18PM CDT,,
111,SWA1872,B737,Los Angeles Intl (KLAX),Metro Oakland Intl (KOAK),Tue 04:22PM PDT,Tue 05:24PM PDT,,
112,SWA1877,B38M,Lihue (LIH / PHLI),San Jose Int'l (KSJC),Tue 01:36PM HST,Tue 09:29PM PDT,,
113,SWA1882,B38M,Chicago Midway Intl (KMDW),Reagan National (KDCA),Tue 06:28PM CDT,Tue 08:45PM EDT,,
114,SWA1889,B737,Orlando Intl (KMCO),Dallas Love Fld (KDAL),Tue 05:29PM EDT,Tue 07:01PM CDT,,
115,SWA1893,B738,LaGuardia (KLGA),Chicago Midway Intl (KMDW),Tue 07:26PM EDT,Tue 08:14PM CDT,,
116,SWA1895,B38M,San Diego Intl (KSAN),Daniel K Inouye Intl (PHNL),Tue 02:19PM PDT,Tue 04:59PM HST,,
117,SWA1913,B38M,Harry Reid Intl (KLAS),Milwaukee Mitchell Intl Airport (KMKE),Tue 04:02PM PDT,Tue 08:54PM CDT,,
118,SWA1914,B738,San Diego Intl (KSAN),New Orleans Intl (KMSY),Tue 02:07PM PDT,Tue 07:06PM CDT,,
119,SWA1916,B737,Hartsfield-Jackson Intl (KATL),Denver Intl (KDEN),Tue 05:29PM EDT,Tue 06:25PM MDT,,
120,SWA1926,B38M,Luis Munoz Marin Intl (SJU / TJSJ),Baltimore/Washington Intl (KBWI),Tue 05:25PM AST,Tue 09:13PM EDT,,
121,SWA1939,B38M,Philadelphia Intl (KPHL),Denver Intl (KDEN),Tue 06:33PM EDT,Tue 08:01PM MDT,,
122,SWA1945,B738,Phoenix Sky Harbor Intl (KPHX),Metro Oakland Intl (KOAK),Tue 03:21PM MST,Tue 05:00PM PDT,,
123,SWA1959,B737,San Diego Intl (KSAN),Chicago Midway Intl (KMDW),Tue 04:17PM PDT,Tue 09:40PM CDT,,
124,SWA1969,B38M,Spokane Intl (KGEG),Denver Intl (KDEN),Tue 03:42PM PDT,Tue 06:20PM MDT,,
125,SWA1973,B737,Dallas Love Fld (KDAL),Kansas City Intl (KMCI),Tue 06:25PM CDT,Tue 07:37PM CDT,,
126,SWA198,B737,Orlando Intl (KMCO),Harry Reid Intl (KLAS),Tue 04:14PM EDT,Tue 05:59PM PDT,,
127,SWA1989,B737,Harry Reid Intl (KLAS),Los Angeles Intl (KLAX),Tue 04:13PM PDT,Tue 05:04PM PDT,,
128,SWA1998,B738,Nashville Intl (KBNA),Metro Oakland Intl (KOAK),Tue 03:30PM CDT,Tue 05:56PM PDT,,
129,SWA2022,B737,Gowen Field (KBOI),Denver Intl (KDEN),Tue 05:03PM MDT,Tue 06:17PM MDT,,
130,SWA2029,B38M,San Jose Int'l (KSJC),Daniel K Inouye Intl (PHNL),Tue 03:00PM PDT,Tue 05:00PM HST,,
131,SWA2031,B738,Pittsburgh Intl (KPIT),Tampa Intl (KTPA),Tue 06:27PM EDT,Tue 08:27PM EDT,,
132,SWA2043,B38M,Harry Reid Intl (KLAS),Mahlon Sweet Fld (KEUG),Tue 03:13PM PDT,Tue 04:57PM PDT,,
133,SWA2054,B737,Denver Intl (KDEN),Wichita Eisenhower (KICT),Tue 05:18PM MDT,Tue 07:17PM CDT,,
134,SWA2056,B38M,Los Angeles Intl (KLAX),Baltimore/Washington Intl (KBWI),Tue 04:17PM PDT,Tue 11:40PM EDT,,
135,SWA2059,B737,Bob Hope (KBUR),William P Hobby (KHOU),Tue 03:47PM PDT,Tue 08:38PM CDT,,
136,SWA2068,B738,Chicago Midway Intl (KMDW),Minneapolis/St Paul Intl (KMSP),Tue 06:33PM CDT,Tue 07:34PM CDT,,
137,SWA2074,B38M,Metro Oakland Intl (KOAK),Daniel K Inouye Intl (PHNL),Tue 03:46PM PDT,Tue 05:38PM HST,,
138,SWA2075,B38M,Los Angeles Intl (KLAX),William P Hobby (KHOU),Tue 04:32PM PDT,Tue 09:22PM CDT,,
139,SWA2077,B38M,Denver Intl (KDEN),Tucson Intl (KTUS),Tue 04:43PM MDT,Tue 05:15PM MST,,
140,SWA2087,B738,Boston Logan Intl (KBOS),Denver Intl (KDEN),Tue 04:21PM EDT,Tue 06:19PM MDT,,
141,SWA2097,B738,Daugherty Field (KLGB),Phoenix Sky Harbor Intl (KPHX),Tue 04:40PM PDT,Tue 05:30PM MST,,
142,SWA2102,B738,Southwest Florida Intl (KRSW),Baltimore/Washington Intl (KBWI),Tue 06:51PM EDT,Tue 08:50PM EDT,,
143,SWA2106,B737,San Diego Intl (KSAN),Dallas Love Fld (KDAL),Tue 03:03PM PDT,Tue 07:32PM CDT,,
144,SWA2108,B737,Denver Intl (KDEN),John Wayne (KSNA),Tue 05:38PM MDT,Tue 06:38PM PDT,,
145,SWA2109,B737,San Jose Int'l (KSJC),Bob Hope (KBUR),Tue 04:15PM PDT,Tue 05:03PM PDT,,
146,SWA2114,B737,Baltimore/Washington Intl (KBWI),Boston Logan Intl (KBOS),Tue 07:01PM EDT,Tue 08:00PM EDT,,
147,SWA2116,B737,Birmingham-Shuttlesworth Intl (KBHM),Dallas Love Fld (KDAL),Tue 05:35PM CDT,Tue 07:11PM CDT,,
148,SWA2123,B738,Miami Intl (KMIA),William P Hobby (KHOU),Tue 06:50PM EDT,Tue 08:09PM CDT,,
149,SWA2128,B737,San Diego Intl (KSAN),Sacramento Intl (KSMF),Tue 04:12PM PDT,Tue 05:26PM PDT,,
150,SWA2140,B738,Austin-Bergstrom Intl (KAUS),Ontario Intl (KONT),Tue 04:34PM CDT,Tue 05:18PM PDT,,
151,SWA2142,B38M,Harry Reid Intl (KLAS),Lihue (LIH / PHLI),Tue 01:11PM PDT,Tue 04:00PM HST,,
152,SWA2145,B737,Kansas City Intl (KMCI),San Diego Intl (KSAN),Tue 06:22PM CDT,Tue 07:16PM PDT,,
153,SWA2159,B737,Richmond Intl (KRIC),Chicago Midway Intl (KMDW),Tue 07:15PM EDT,Tue 08:01PM CDT,,
154,SWA2169,B737,Nashville Intl (KBNA),Bob Hope (KBUR),Tue 05:11PM CDT,Tue 07:19PM PDT,,
155,SWA2177,B738,Harry Reid Intl (KLAS),Tampa Intl (KTPA),Tue 04:12PM PDT,Tue 10:52PM EDT,,
156,SWA2191,B737,Phoenix Sky Harbor Intl (KPHX),Austin-Bergstrom Intl (KAUS),Tue 04:39PM MST,Tue 08:23PM CDT,,
157,SWA2195,B737,Sacramento Intl (KSMF),San Diego Intl (KSAN),Tue 04:07PM PDT,Tue 05:12PM PDT,,
158,SWA2202,B737,Salt Lake City Intl (KSLC),Los Angeles Intl (KLAX),Tue 04:29PM MDT,Tue 05:03PM PDT,,
159,SWA2214,B738,William P Hobby (KHOU),Phoenix Sky Harbor Intl (KPHX),Tue 04:51PM CDT,Tue 05:27PM MST,,
160,SWA2218,B737,Phoenix Sky Harbor Intl (KPHX),John Wayne (KSNA),Tue 04:03PM MST,Tue 04:58PM PDT,,
161,SWA2219,B738,Indianapolis Intl (KIND),Hartsfield-Jackson Intl (KATL),Tue 07:17PM EDT,Tue 08:20PM EDT,,
162,SWA2221,B737,Orlando Intl (KMCO),San Antonio Intl (KSAT),Tue 06:55PM EDT,Tue 08:30PM CDT,,
163,SWA2231,B737,Sacramento Intl (KSMF),Daugherty Field (KLGB),Tue 03:58PM PDT,Tue 04:58PM PDT,,
164,SWA2233,B737,Denver Intl (KDEN),Austin-Bergstrom Intl (KAUS),Tue 05:17PM MDT,Tue 07:59PM CDT,,
165,SWA2236,B738,Hartsfield-Jackson Intl (KATL),John Glenn Columbus Intl Airport (KCMH),Tue 07:37PM EDT,Tue 08:45PM EDT,,
166,SWA2252,B737,Nashville Intl (KBNA),Denver Intl (KDEN),Tue 06:53PM CDT,Tue 08:29PM MDT,,
167,SWA2260,B38M,Daniel K Inouye Intl (PHNL),Metro Oakland Intl (KOAK),Tue 10:46AM HST,Tue 06:28PM PDT,,
168,SWA2269,B38M,Indianapolis Intl (KIND),Harry Reid Intl (KLAS),Tue 05:37PM EDT,Tue 06:10PM PDT,,
169,SWA2273,B38M,Miami Intl (KMIA),Denver Intl (KDEN),Tue 07:07PM EDT,Tue 08:56PM MDT,,
170,SWA2276,B737,Philadelphia Intl (KPHL),St Louis Lambert Intl (KSTL),Tue 07:05PM EDT,Tue 08:08PM CDT,,
171,SWA2290,B38M,Denver Intl (KDEN),Tampa Intl (KTPA),Tue 03:42PM MDT,Tue 08:31PM EDT,,
172,SWA2306,B738,Denver Intl (KDEN),Milwaukee Mitchell Intl Airport (KMKE),Tue 05:10PM MDT,Tue 07:55PM CDT,,
173,SWA2308,B737,Santa Barbara Muni (KSBA),Harry Reid Intl (KLAS),Tue 04:04PM PDT,Tue 04:53PM PDT,,
174,SWA2309,B737,Chicago Midway Intl (KMDW),Daugherty Field (KLGB),Tue 04:23PM CDT,Tue 06:13PM PDT,,
175,SWA2325,B737,Dallas Love Fld (KDAL),Baltimore/Washington Intl (KBWI),Tue 06:52PM CDT,Tue 10:13PM EDT,,
176,SWA2334,B738,Denver Intl (KDEN),St Louis Lambert Intl (KSTL),Tue 05:04PM MDT,Tue 07:35PM CDT,,
177,SWA2335,B737,William P Hobby (KHOU),Nashville Intl (KBNA),Tue 06:34PM CDT,Tue 08:00PM CDT,,
178,SWA2347,B737,Nashville Intl (KBNA),San Diego Intl (KSAN),Tue 06:29PM CDT,Tue 08:33PM PDT,,
179,SWA2348,B737,Dallas Love Fld (KDAL),Chicago Midway Intl (KMDW),Tue 05:26PM CDT,Tue 07:05PM CDT,,
180,SWA2350,B38M,LaGuardia (KLGA),William P Hobby (KHOU),Tue 05:33PM EDT,Tue 07:57PM CDT,,
181,SWA2355,B738,Baltimore/Washington Intl (KBWI),Tampa Intl (KTPA),Tue 07:36PM EDT,Tue 09:51PM EDT,,
182,SWA2367,B737,Hartsfield-Jackson Intl (KATL),Indianapolis Intl (KIND),Tue 07:47PM EDT,Tue 09:02PM EDT,,
183,SWA2369,B738,Baltimore/Washington Intl (KBWI),William P Hobby (KHOU),Tue 06:16PM EDT,Tue 08:24PM CDT,,
184,SWA2372,B737,Memphis Intl (KMEM),William P Hobby (KHOU),Tue 05:45PM CDT,Tue 07:07PM CDT,,
185,SWA2375,B738,Sacramento Intl (KSMF),Los Angeles Intl (KLAX),Tue 04:26PM PDT,Tue 05:21PM PDT,,
186,SWA2378,B737,Memphis Intl (KMEM),Hartsfield-Jackson Intl (KATL),Tue 06:38PM CDT,Tue 08:21PM EDT,,
187,SWA2382,B737,Dallas Love Fld (KDAL),Lubbock Smith Intl (KLBB),Tue 06:12PM CDT,Tue 07:01PM CDT,,
188,SWA2393,B737,Eppley Airfield (KOMA),Harry Reid Intl (KLAS),Tue 06:52PM CDT,Tue 07:21PM PDT,,
189,SWA2394,B737,Reagan National (KDCA),Hartsfield-Jackson Intl (KATL),Tue 07:48PM EDT,Tue 09:30PM EDT,,
190,SWA2398,B738,New Orleans Intl (KMSY),Los Angeles Intl (KLAX),Tue 03:52PM CDT,Tue 05:34PM PDT,,
191,SWA2406,B737,Fort Lauderdale Intl (KFLL),Baltimore/Washington Intl (KBWI),Tue 05:53PM EDT,Tue 07:57PM EDT,,
192,SWA2410,B738,Hartsfield-Jackson Intl (KATL),Baltimore/Washington Intl (KBWI),Tue 07:34PM EDT,Tue 08:57PM EDT,,
193,SWA2418,B737,Metro Oakland Intl (KOAK),Bob Hope (KBUR),Tue 04:45PM PDT,Tue 05:37PM PDT,,
194,SWA2420,B737,Chicago Midway Intl (KMDW),Pittsburgh Intl (KPIT),Tue 06:31PM CDT,Tue 08:25PM EDT,,
195,SWA2421,B737,Long Island MacArthur (KISP),Palm Beach Intl (KPBI),Tue 06:30PM EDT,Tue 08:59PM EDT,,
196,SWA2424,B738,Tampa Intl (KTPA),Chicago Midway Intl (KMDW),Tue 05:43PM EDT,Tue 07:03PM CDT,,
197,SWA2429,B738,Baltimore/Washington Intl (KBWI),Hartsfield-Jackson Intl (KATL),Tue 06:41PM EDT,Tue 08:23PM EDT,,
198,SWA2443,B737,Harry Reid Intl (KLAS),Bellingham Intl (KBLI),Tue 02:36PM PDT,Tue 04:55PM PDT,,
199,SWA2468,B737,Birmingham-Shuttlesworth Intl (KBHM),William P Hobby (KHOU),Tue 06:41PM CDT,Tue 08:16PM CDT,,
200,SWA2474,B738,LaGuardia (KLGA),St Louis Lambert Intl (KSTL),Tue 06:47PM EDT,Tue 08:00PM CDT,,
201,SWA2476,B738,Orlando Intl (KMCO),Buffalo Niagara Intl (KBUF),Tue 07:41PM EDT,Tue 09:57PM EDT,,
202,SWA2477,B737,Dallas Love Fld (KDAL),Phoenix Sky Harbor Intl (KPHX),Tue 05:38PM CDT,Tue 05:49PM MST,,
203,SWA2483,B737,Palm Beach Intl (KPBI),Baltimore/Washington Intl (KBWI),Tue 06:15PM EDT,Tue 08:14PM EDT,,
204,SWA2505,B38M,Fort Lauderdale Intl (KFLL),St Louis Lambert Intl (KSTL),Tue 07:11PM EDT,Tue 08:45PM CDT,,
205,SWA2512,B737,Los Angeles Intl (KLAX),San Jose Int'l (KSJC),Tue 04:07PM PDT,Tue 05:00PM PDT,,
206,SWA2537,B737,Boston Logan Intl (KBOS),St Louis Lambert Intl (KSTL),Tue 07:10PM EDT,Tue 08:47PM CDT,,
207,SWA2538,B737,San Francisco Int'l (KSFO),Phoenix Sky Harbor Intl (KPHX),Tue 04:46PM PDT,Tue 06:17PM MST,,
208,SWA2540,B737,Lubbock Smith Intl (KLBB),Harry Reid Intl (KLAS),Tue 05:19PM CDT,Tue 05:08PM PDT,,
209,SWA2542,B737,San Diego Intl (KSAN),Austin-Bergstrom Intl (KAUS),Tue 03:46PM PDT,Tue 08:11PM CDT,,
210,SWA2543,B738,Orlando Intl (KMCO),Dallas Love Fld (KDAL),Tue 07:36PM EDT,Tue 08:55PM CDT,,
211,SWA2554,B738,Washington Dulles Intl (KIAD),Denver Intl (KDEN),Tue 06:24PM EDT,Tue 07:43PM MDT,,
212,SWA2558,B737,Orlando Intl (KMCO),Reagan National (KDCA),Tue 07:13PM EDT,Tue 09:00PM EDT,,
213,SWA2560,B38M,Dallas Love Fld (KDAL),Ontario Intl (KONT),Tue 06:06PM CDT,Tue 06:52PM PDT,,
214,SWA2564,B737,Denver Intl (KDEN),Chicago Midway Intl (KMDW),Tue 05:35PM MDT,Tue 08:19PM CDT,,
215,SWA2576,B737,Reagan National (KDCA),Nashville Intl (KBNA),Tue 07:21PM EDT,Tue 07:57PM CDT,,
216,SWA2582,B737,Manchester Boston Rgnl (KMHT),Chicago Midway Intl (KMDW),Tue 06:55PM EDT,Tue 07:58PM CDT,,
217,SWA2585,B737,St Louis Lambert Intl (KSTL),Milwaukee Mitchell Intl Airport (KMKE),Tue 06:05PM CDT,Tue 06:55PM CDT,,
218,SWA2590,B738,Phoenix Sky Harbor Intl (KPHX),William P Hobby (KHOU),Tue 03:07PM MST,Tue 07:06PM CDT,,
219,SWA2597,B738,Raleigh-Durham Intl (KRDU),Baltimore/Washington Intl (KBWI),Tue 07:41PM EDT,Tue 08:30PM EDT,,
220,SWA2598,B737,Dallas Love Fld (KDAL),Houston Bush Int'ctl (KIAH),Tue 06:47PM CDT,Tue 07:31PM CDT,,
221,SWA2601,B738,Baltimore/Washington Intl (KBWI),Charleston Intl/AFB (KCHS),Tue 07:46PM EDT,Tue 09:08PM EDT,,
222,SWA261,B738,Seattle-Tacoma Intl (KSEA),Phoenix Sky Harbor Intl (KPHX),Tue 03:43PM PDT,Tue 06:00PM MST,,
223,SWA2610,B738,Seattle-Tacoma Intl (KSEA),Denver Intl (KDEN),Tue 04:04PM PDT,Tue 07:02PM MDT,,
224,SWA2616,B738,LaGuardia (KLGA),Hartsfield-Jackson Intl (KATL),Tue 06:37PM EDT,Tue 08:41PM EDT,,
225,SWA2631,B38M,Baltimore/Washington Intl (KBWI),Jacksonville Intl (KJAX),Tue 07:40PM EDT,Tue 09:28PM EDT,,
226,SWA2638,B38M,Tampa Intl (KTPA),St Louis Lambert Intl (KSTL),Tue 07:26PM EDT,Tue 08:41PM CDT,,
227,SWA2640,B38M,Baltimore/Washington Intl (KBWI),Orlando Intl (KMCO),Tue 07:49PM EDT,Tue 09:54PM EDT,,
228,SWA2661,B38M,Sarasota/Bradenton Intl (KSRQ),Baltimore/Washington Intl (KBWI),Tue 06:58PM EDT,Tue 09:00PM EDT,,
229,SWA2672,B737,Baltimore/Washington Intl (KBWI),Nashville Intl (KBNA),Tue 07:06PM EDT,Tue 07:46PM CDT,,
230,SWA2677,B737,Chicago O'Hare Intl (KORD),Phoenix Sky Harbor Intl (KPHX),Tue 06:48PM CDT,Tue 08:05PM MST,,
231,SWA2681,B737,Hartsfield-Jackson Intl (KATL),San Antonio Intl (KSAT),Tue 07:43PM EDT,Tue 09:08PM CDT,,
232,SWA2688,B737,Austin-Bergstrom Intl (KAUS),Denver Intl (KDEN),Tue 05:21PM CDT,Tue 06:04PM MDT,,
233,SWA2698,B38M,Daniel K Inouye Intl (PHNL),Phoenix Sky Harbor Intl (KPHX),Tue 08:53AM HST,Tue 05:19PM MST,,
234,SWA2699,B38M,Austin-Bergstrom Intl (KAUS),Chicago Midway Intl (KMDW),Tue 05:30PM CDT,Tue 07:23PM CDT,,
235,SWA270,B738,Raleigh-Durham Intl (KRDU),Dallas Love Fld (KDAL),Tue 06:08PM EDT,Tue 07:42PM CDT,,
236,SWA2700,B737,San Diego Intl (KSAN),Dallas Love Fld (KDAL),Tue 04:49PM PDT,Tue 09:18PM CDT,,
237,SWA2706,B738,Harry Reid Intl (KLAS),Palm Springs Intl (KPSP),Tue 04:28PM PDT,Tue 05:01PM PDT,,
238,SWA2720,B38M,Miami Intl (KMIA),Chicago Midway Intl (KMDW),Tue 06:54PM EDT,Tue 08:39PM CDT,,
239,SWA2727,B738,Denver Intl (KDEN),San Antonio Intl (KSAT),Tue 04:47PM MDT,Tue 07:30PM CDT,,
240,SWA2729,B38M,Orlando Intl (KMCO),Baltimore/Washington Intl (KBWI),Tue 07:17PM EDT,Tue 09:10PM EDT,,
241,SWA2770,B737,Albuquerque Intl Sunport (KABQ),Denver Intl (KDEN),Tue 05:45PM MDT,Tue 06:49PM MDT,,
242,SWA2774,B737,San Antonio Intl (KSAT),Baltimore/Washington Intl (KBWI),Tue 05:45PM CDT,Tue 09:24PM EDT,,
243,SWA2782,B737,Sacramento Intl (KSMF),Phoenix Sky Harbor Intl (KPHX),Tue 03:34PM PDT,Tue 04:56PM MST,,
244,SWA2789,B38M,St Louis Lambert Intl (KSTL),Nashville Intl (KBNA),Tue 06:39PM CDT,Tue 07:18PM CDT,,
245,SWA2792,B738,Harry Reid Intl (KLAS),Kansas City Intl (KMCI),Tue 04:05PM PDT,Tue 08:19PM CDT,,
246,SWA2801,B38M,San Diego Intl (KSAN),Baltimore/Washington Intl (KBWI),Tue 01:51PM PDT,Tue 09:11PM EDT,,
247,SWA2802,B737,El Paso Intl (KELP),William P Hobby (KHOU),Tue 05:06PM MDT,Tue 07:28PM CDT,,
248,SWA2810,B738,Albuquerque Intl Sunport (KABQ),William P Hobby (KHOU),Tue 05:41PM MDT,Tue 08:17PM CDT,,
249,SWA2832,B737,Phoenix Sky Harbor Intl (KPHX),Orlando Intl (KMCO),Tue 01:45PM MST,Tue 08:12PM EDT,,
250,SWA2880,B737,Phoenix Sky Harbor Intl (KPHX),Baltimore/Washington Intl (KBWI),Tue 01:59PM MST,Tue 08:40PM EDT,,
251,SWA2897,B737,William P Hobby (KHOU),Reagan National (KDCA),Tue 06:27PM CDT,Tue 09:50PM EDT,,
252,SWA2902,B737,Daugherty Field (KLGB),San Jose Int'l (KSJC),Tue 04:04PM PDT,Tue 04:58PM PDT,,
253,SWA2914,B738,Orlando Intl (KMCO),Long Island MacArthur (KISP),Tue 07:38PM EDT,Tue 09:50PM EDT,,
254,SWA2929,B738,Portland Intl (KPDX),Denver Intl (KDEN),Tue 04:06PM PDT,Tue 07:05PM MDT,,
255,SWA2931,B38M,Daniel K Inouye Intl (PHNL),Los Angeles Intl (KLAX),Tue 11:36AM HST,Tue 07:26PM PDT,,
256,SWA2932,B38M,St Louis Lambert Intl (KSTL),Chicago Midway Intl (KMDW),Tue 06:12PM CDT,Tue 06:55PM CDT,,
257,SWA294,B738,Milwaukee Mitchell Intl Airport (KMKE),Harry Reid Intl (KLAS),Tue 05:29PM CDT,Tue 07:00PM PDT,,
258,SWA2941,B38M,Colorado Sprgs Muni (KCOS),Dallas Love Fld (KDAL),Tue 05:25PM MDT,Tue 07:45PM CDT,,
259,SWA296,B738,Boston Logan Intl (KBOS),Nashville Intl (KBNA),Tue 07:26PM EDT,Tue 08:49PM CDT,,
260,SWA2960,B738,Denver Intl (KDEN),Chicago O'Hare Intl (KORD),Tue 04:30PM MDT,Tue 07:22PM CDT,,
261,SWA2974,B737,Daugherty Field (KLGB),William P Hobby (KHOU),Tue 03:38PM PDT,Tue 08:18PM CDT,,
262,SWA2987,B737,Austin-Bergstrom Intl (KAUS),Phoenix Sky Harbor Intl (KPHX),Tue 05:03PM CDT,Tue 05:17PM MST,,
263,SWA2991,B738,Harry Reid Intl (KLAS),William P Hobby (KHOU),Tue 03:05PM PDT,Tue 07:27PM CDT,,
264,SWA2995,B38M,Harry Reid Intl (KLAS),Santa Barbara Muni (KSBA),Tue 04:07PM PDT,Tue 05:06PM PDT,,
265,SWA2997,B738,Dallas Love Fld (KDAL),Los Angeles Intl (KLAX),Tue 06:20PM CDT,Tue 07:20PM PDT,,
266,SWA3009,B738,Dallas Love Fld (KDAL),Hartsfield-Jackson Intl (KATL),Tue 06:08PM CDT,Tue 08:39PM EDT,,
267,SWA3018,B738,Baltimore/Washington Intl (KBWI),Orlando Intl (KMCO),Tue 06:48PM EDT,Tue 08:53PM EDT,,
268,SWA3026,B737,Pittsburgh Intl (KPIT),Hartsfield-Jackson Intl (KATL),Tue 07:22PM EDT,Tue 08:44PM EDT,,
269,SWA3027,B737,New Orleans Intl (KMSY),San Diego Intl (KSAN),Tue 03:51PM CDT,Tue 05:26PM PDT,,
270,SWA3029,B737,Dallas Love Fld (KDAL),Indianapolis Intl (KIND),Tue 06:00PM CDT,Tue 08:34PM EDT,,
271,SWA3034,B737,Chicago Midway Intl (KMDW),Denver Intl (KDEN),Tue 05:40PM CDT,Tue 06:45PM MDT,,
272,SWA3040,B38M,Harry Reid Intl (KLAS),Nashville Intl (KBNA),Tue 03:58PM PDT,Tue 08:55PM CDT,,
273,SWA3042,B738,Sacramento Intl (KSMF),Denver Intl (KDEN),Tue 03:12PM PDT,Tue 05:56PM MDT,,
274,SWA3044,B737,Dallas Love Fld (KDAL),St Louis Lambert Intl (KSTL),Tue 06:14PM CDT,Tue 07:27PM CDT,,
275,SWA3076,B738,Bradley Intl (KBDL),Chicago Midway Intl (KMDW),Tue 06:59PM EDT,Tue 08:01PM CDT,,
276,SWA308,B737,Cancun Int'l (CUN / MMUN),William P Hobby (KHOU),Tue 05:10PM EST,Tue 07:08PM CDT,,
277,SWA3087,B737,New Orleans Intl (KMSY),Baltimore/Washington Intl (KBWI),Tue 05:41PM CDT,Tue 08:38PM EDT,,
278,SWA3093,B737,San Diego Intl (KSAN),William P Hobby (KHOU),Tue 03:09PM PDT,Tue 07:51PM CDT,,
279,SWA3097,B38M,Portland Intl Jetport (KPWM),Chicago Midway Intl (KMDW),Tue 06:38PM EDT,Tue 07:51PM CDT,,
280,SWA3107,B737,Reagan National (KDCA),Tampa Intl (KTPA),Tue 07:12PM EDT,Tue 09:22PM EDT,,
281,SWA3109,B38M,Frederick Douglass/Greater Rochester Intl (KROC),Chicago Midway Intl (KMDW),Tue 07:50PM EDT,Tue 08:21PM CDT,,
282,SWA3148,B737,Portland Intl (KPDX),Metro Oakland Intl (KOAK),Tue 03:43PM PDT,Tue 05:02PM PDT,,
283,SWA3155,B38M,Ellison Onizuka Kona Intl At Keahole (KOA / PHKO),San Jose Int'l (KSJC),Tue 01:32PM HST,Tue 09:11PM PDT,,
284,SWA3165,B737,Kansas City Intl (KMCI),Denver Intl (KDEN),Tue 05:35PM CDT,Tue 06:00PM MDT,,
285,SWA3173,B38M,Denver Intl (KDEN),Seattle-Tacoma Intl (KSEA),Tue 03:41PM MDT,Tue 05:10PM PDT,,
286,SWA3179,B38M,Fort Lauderdale Intl (KFLL),Dallas Love Fld (KDAL),Tue 07:09PM EDT,Tue 08:42PM CDT,,
287,SWA3185,B737,Bradley Intl (KBDL),Orlando Intl (KMCO),Tue 06:34PM EDT,Tue 09:06PM EDT,,
288,SWA3197,B737,Baltimore/Washington Intl (KBWI),Orlando Intl (KMCO),Tue 07:14PM EDT,Tue 09:10PM EDT,,
289,SWA3198,B38M,Nashville Intl (KBNA),Phoenix Sky Harbor Intl (KPHX),Tue 06:34PM CDT,Tue 07:59PM MST,,
290,SWA3199,B737,Houston Bush Int'ctl (KIAH),Harry Reid Intl (KLAS),Tue 05:49PM CDT,Tue 06:45PM PDT,,
291,SWA3202,B737,Harry Reid Intl (KLAS),Portland Intl (KPDX),Tue 04:01PM PDT,Tue 06:06PM PDT,,
292,SWA3218,B738,Denver Intl (KDEN),Dallas Love Fld (KDAL),Tue 05:16PM MDT,Tue 07:43PM CDT,,
293,SWA3221,B737,St Louis Lambert Intl (KSTL),Harry Reid Intl (KLAS),Tue 06:08PM CDT,Tue 07:27PM PDT,,
294,SWA3224,B38M,Denver Intl (KDEN),Charleston Intl/AFB (KCHS),Tue 03:33PM MDT,Tue 08:06PM EDT,,
295,SWA3228,B737,Northwest Florida Beaches Intl (KECP),William P Hobby (KHOU),Tue 06:42PM CDT,Tue 08:16PM CDT,,
296,SWA3251,B38M,Austin-Bergstrom Intl (KAUS),Sacramento Intl (KSMF),Tue 04:59PM CDT,Tue 06:24PM PDT,,
297,SWA3284,B738,Baltimore/Washington Intl (KBWI),Harry Reid Intl (KLAS),Tue 03:13PM EDT,Tue 04:57PM PDT,,
298,SWA3300,B38M,Denver Intl (KDEN),Reno/Tahoe Intl (KRNO),Tue 04:18PM MDT,Tue 05:15PM PDT,,
299,SWA3306,B38M,Baltimore/Washington Intl (KBWI),New Orleans Intl (KMSY),Tue 07:28PM EDT,Tue 09:00PM CDT,,
300,SWA331,B737,Denver Intl (KDEN),LaGuardia (KLGA),Tue 04:37PM MDT,Tue 09:36PM EDT,,
301,SWA3315,B38M,New Orleans Intl (KMSY),Harry Reid Intl (KLAS),Tue 06:11PM CDT,Tue 07:33PM PDT,,
302,SWA3317,B738,Baltimore/Washington Intl (KBWI),Charlotte/Douglas Intl (KCLT),Tue 07:27PM EDT,Tue 08:29PM EDT,,
303,SWA3320,B38M,Salt Lake City Intl (KSLC),Baltimore/Washington Intl (KBWI),Tue 03:16PM MDT,Tue 08:48PM EDT,,
304,SWA3332,B737,San Jose Int'l (KSJC),William P Hobby (KHOU),Tue 02:19PM PDT,Tue 07:28PM CDT,,
305,SWA3357,B737,Reagan National (KDCA),Chicago Midway Intl (KMDW),Tue 06:21PM EDT,Tue 06:57PM CDT,,
306,SWA3369,B737,William P Hobby (KHOU),Orlando Intl (KMCO),Tue 05:46PM CDT,Tue 08:30PM EDT,,
307,SWA3382,B38M,Tampa Intl (KTPA),Denver Intl (KDEN),Tue 07:12PM EDT,Tue 08:36PM MDT,,
308,SWA3392,B738,Raleigh-Durham Intl (KRDU),Hartsfield-Jackson Intl (KATL),Tue 07:27PM EDT,Tue 08:41PM EDT,,
309,SWA3408,B737,Austin-Bergstrom Intl (KAUS),Dallas Love Fld (KDAL),Tue 06:19PM CDT,Tue 07:00PM CDT,,
310,SWA3424,B38M,Chicago O'Hare Intl (KORD),Harry Reid Intl (KLAS),Tue 04:29PM CDT,Tue 05:49PM PDT,,
311,SWA3428,B738,Denver Intl (KDEN),Salt Lake City Intl (KSLC),Tue 05:18PM MDT,Tue 06:30PM MDT,,
312,SWA3431,B737,LaGuardia (KLGA),Nashville Intl (KBNA),Tue 07:11PM EDT,Tue 08:06PM CDT,,
313,SWA3438,B738,Baltimore/Washington Intl (KBWI),Denver Intl (KDEN),Tue 05:14PM EDT,Tue 06:39PM MDT,,
314,SWA344,B738,Harry Reid Intl (KLAS),Sacramento Intl (KSMF),Tue 04:31PM PDT,Tue 05:46PM PDT,,
315,SWA3442,B737,Birmingham-Shuttlesworth Intl (KBHM),Harry Reid Intl (KLAS),Tue 03:43PM CDT,Tue 05:27PM PDT,,
316,SWA3442,B38M,Harry Reid Intl (KLAS),Phoenix Sky Harbor Intl (KPHX),Tue 04:42PM PDT,Tue 05:22PM MST,,
317,SWA3448,B737,Reagan National (KDCA),William P Hobby (KHOU),Tue 07:53PM EDT,Tue 10:12PM CDT,,
318,SWA3459,B38M,Phoenix Sky Harbor Intl (KPHX),Chicago Midway Intl (KMDW),Tue 02:00PM MST,Tue 06:57PM CDT,,
319,SWA3466,B737,Dallas Love Fld (KDAL),Chicago O'Hare Intl (KORD),Tue 06:39PM CDT,Tue 08:22PM CDT,,
320,SWA3473,B738,William P Hobby (KHOU),Denver Intl (KDEN),Tue 05:15PM CDT,Tue 06:11PM MDT,,
321,SWA3494,B737,Chicago Midway Intl (KMDW),LaGuardia (KLGA),Tue 05:56PM CDT,Tue 08:22PM EDT,,
322,SWA3499,B737,Fort Lauderdale Intl (KFLL),William P Hobby (KHOU),Tue 07:33PM EDT,Tue 08:53PM CDT,,
323,SWA3511,B737,Eppley Airfield (KOMA),Phoenix Sky Harbor Intl (KPHX),Tue 06:39PM CDT,Tue 06:55PM MST,,
324,SWA3555,B737,Kansas City Intl (KMCI),Hartsfield-Jackson Intl (KATL),Tue 05:51PM CDT,Tue 08:12PM EDT,,
325,SWA3557,B737,Los Angeles Intl (KLAX),Harry Reid Intl (KLAS),Tue 04:30PM PDT,Tue 05:07PM PDT,,
326,SWA3566,B738,Reagan National (KDCA),Austin-Bergstrom Intl (KAUS),Tue 06:07PM EDT,Tue 08:20PM CDT,,
327,SWA3567,B737,Rhode Island T. F. Green International Airport (KPVD),Chicago Midway Intl (KMDW),Tue 07:46PM EDT,Tue 09:03PM CDT,,
328,SWA3571,B737,Cleveland-Hopkins Intl (KCLE),Chicago Midway Intl (KMDW),Tue 07:15PM EDT,Tue 07:08PM CDT,,
329,SWA358,B737,San Diego Intl (KSAN),Metro Oakland Intl (KOAK),Tue 04:05PM PDT,Tue 05:12PM PDT,,
330,SWA3583,B737,Bob Hope (KBUR),San Jose Int'l (KSJC),Tue 04:36PM PDT,Tue 05:28PM PDT,,
331,SWA36,B738,Dallas Love Fld (KDAL),Orlando Intl (KMCO),Tue 05:11PM CDT,Tue 08:06PM EDT,,
332,SWA3606,B737,Austin-Bergstrom Intl (KAUS),San Jose Int'l (KSJC),Tue 04:47PM CDT,Tue 06:08PM PDT,,
333,SWA363,B737,Midland Intl Air and Space Port (KMAF),Harry Reid Intl (KLAS),Tue 06:11PM CDT,Tue 06:03PM PDT,,
334,SWA3633,B738,Baltimore/Washington Intl (KBWI),Muhammad Ali Intl (KSDF),Tue 07:37PM EDT,Tue 09:04PM EDT,,
335,SWA3649,B38M,Orlando Intl (KMCO),Chicago Midway Intl (KMDW),Tue 06:11PM EDT,Tue 07:34PM CDT,,
336,SWA3651,B737,Will Rogers World (KOKC),Hartsfield-Jackson Intl (KATL),Tue 06:04PM CDT,Tue 08:28PM EDT,,
337,SWA3657,B38M,William P Hobby (KHOU),John Glenn Columbus Intl Airport (KCMH),Tue 06:45PM CDT,Tue 09:42PM EDT,,
338,SWA3668,B737,Hartsfield-Jackson Intl (KATL),Chicago Midway Intl (KMDW),Tue 06:38PM EDT,Tue 07:08PM CDT,,
339,SWA3669,B738,Chicago Midway Intl (KMDW),Boston Logan Intl (KBOS),Tue 06:10PM CDT,Tue 08:55PM EDT,,
340,SWA367,B737,Harry Reid Intl (KLAS),John Wayne (KSNA),Tue 04:15PM PDT,Tue 04:54PM PDT,,
341,SWA370,B737,Phoenix Sky Harbor Intl (KPHX),Kansas City Intl (KMCI),Tue 04:29PM MST,Tue 08:33PM CDT,,
342,SWA3700,B738,Baltimore/Washington Intl (KBWI),Chicago Midway Intl (KMDW),Tue 06:52PM EDT,Tue 07:33PM CDT,,
343,SWA3704,B738,Denver Intl (KDEN),Hartsfield-Jackson Intl (KATL),Tue 04:51PM MDT,Tue 09:02PM EDT,,
344,SWA3718,B738,Tampa Intl (KTPA),Baltimore/Washington Intl (KBWI),Tue 07:22PM EDT,Tue 09:10PM EDT,,
345,SWA3722,B738,Indianapolis Intl (KIND),William P Hobby (KHOU),Tue 07:14PM EDT,Tue 08:28PM CDT,,
346,SWA3762,B737,Midland Intl Air and Space Port (KMAF),Dallas Love Fld (KDAL),Tue 06:40PM CDT,Tue 07:29PM CDT,,
347,SWA381,B738,John Glenn Columbus Intl Airport (KCMH),Hartsfield-Jackson Intl (KATL),Tue 07:20PM EDT,Tue 08:41PM EDT,,
348,SWA3810,B737,Albuquerque Intl Sunport (KABQ),Bob Hope (KBUR),Tue 04:28PM MDT,Tue 05:05PM PDT,,
349,SWA3818,B738,LaGuardia (KLGA),Tampa Intl (KTPA),Tue 06:43PM EDT,Tue 09:13PM EDT,,
350,SWA3870,B737,Hartsfield-Jackson Intl (KATL),Pittsburgh Intl (KPIT),Tue 07:48PM EDT,Tue 09:05PM EDT,,
351,SWA3889,B38M,Salt Lake City Intl (KSLC),Denver Intl (KDEN),Tue 05:49PM MDT,Tue 06:48PM MDT,,
352,SWA3948,B738,Fort Lauderdale Intl (KFLL),Nashville Intl (KBNA),Tue 06:55PM EDT,Tue 07:52PM CDT,,
353,SWA3970,B737,St Louis Lambert Intl (KSTL),Phoenix Sky Harbor Intl (KPHX),Tue 06:29PM CDT,Tue 07:29PM MST,,
354,SWA3975,B737,Salt Lake City Intl (KSLC),Dallas Love Fld (KDAL),Tue 04:17PM MDT,Tue 07:19PM CDT,,
355,SWA3985,B738,St Louis Lambert Intl (KSTL),Austin-Bergstrom Intl (KAUS),Tue 05:16PM CDT,Tue 06:58PM CDT,,
356,SWA3988,B38M,Buffalo Niagara Intl (KBUF),Orlando Intl (KMCO),Tue 06:11PM EDT,Tue 08:24PM EDT,,
357,SWA401,B738,Chicago Midway Intl (KMDW),Kansas City Intl (KMCI),Tue 06:35PM CDT,Tue 07:38PM CDT,,
358,SWA4016,B38M,Fort Lauderdale Intl (KFLL),Indianapolis Intl (KIND),Tue 05:48PM EDT,Tue 08:10PM EDT,,
359,SWA4087,B737,Kansas City Intl (KMCI),Orlando Intl (KMCO),Tue 05:30PM CDT,Tue 08:35PM EDT,,
360,SWA4089,B738,Denver Intl (KDEN),Albuquerque Intl Sunport (KABQ),Tue 05:53PM MDT,Tue 06:48PM MDT,,
361,SWA4096,B38M,Kahului (OGG / PHOG),Metro Oakland Intl (KOAK),Tue 09:21AM HST,Tue 05:06PM PDT,,
362,SWA410,B737,Dallas Love Fld (KDAL),Bob Hope (KBUR),Tue 06:10PM CDT,Tue 07:06PM PDT,,
363,SWA4108,B738,Orlando Intl (KMCO),William P Hobby (KHOU),Tue 07:06PM EDT,Tue 08:12PM CDT,,
364,SWA4114,B737,St Louis Lambert Intl (KSTL),San Diego Intl (KSAN),Tue 04:00PM CDT,Tue 05:26PM PDT,,
365,SWA4116,B38M,William P Hobby (KHOU),New Orleans Intl (KMSY),Tue 06:37PM CDT,Tue 07:21PM CDT,,
366,SWA4122,B738,Norfolk Intl (KORF),Chicago Midway Intl (KMDW),Tue 06:38PM EDT,Tue 07:26PM CDT,,
367,SWA4124,B38M,Phoenix Sky Harbor Intl (KPHX),Denver Intl (KDEN),Tue 04:34PM MST,Tue 06:50PM MDT,,
368,SWA4128,B38M,Chicago Midway Intl (KMDW),Nashville Intl (KBNA),Tue 06:49PM CDT,Tue 07:51PM CDT,,
369,SWA4129,B737,Tulsa Intl (KTUL),William P Hobby (KHOU),Tue 06:25PM CDT,Tue 07:39PM CDT,,
370,SWA4133,B738,Chicago Midway Intl (KMDW),Orlando Intl (KMCO),Tue 04:50PM CDT,Tue 07:53PM EDT,,
371,SWA4147,B737,Muhammad Ali Intl (KSDF),Baltimore/Washington Intl (KBWI),Tue 06:51PM EDT,Tue 07:58PM EDT,,
372,SWA4152,B737,Austin-Bergstrom Intl (KAUS),Nashville Intl (KBNA),Tue 06:17PM CDT,Tue 07:52PM CDT,,
373,SWA4153,B738,New Orleans Intl (KMSY),Hartsfield-Jackson Intl (KATL),Tue 06:18PM CDT,Tue 08:22PM EDT,,
374,SWA4157,B738,Phoenix Sky Harbor Intl (KPHX),Albuquerque Intl Sunport (KABQ),Tue 04:33PM MST,Tue 06:23PM MDT,,
375,SWA42,B38M,Dallas Love Fld (KDAL),Phoenix Sky Harbor Intl (KPHX),Tue 06:44PM CDT,Tue 07:03PM MST,,
376,SWA424,B38M,Baltimore/Washington Intl (KBWI),Long Island MacArthur (KISP),Tue 07:41PM EDT,Tue 08:31PM EDT,,
377,SWA450,B738,New Orleans Intl (KMSY),Dallas Love Fld (KDAL),Tue 06:37PM CDT,Tue 07:43PM CDT,,
378,SWA456,B737,Denver Intl (KDEN),Eppley Airfield (KOMA),Tue 05:51PM MDT,Tue 07:56PM CDT,,
379,SWA4566,B38M,Hartsfield-Jackson Intl (KATL),William P Hobby (KHOU),Tue 06:33PM EDT,Tue 07:27PM CDT,,
380,SWA457,B737,Denver Intl (KDEN),Buffalo Niagara Intl (KBUF),Tue 05:36PM MDT,Tue 10:08PM EDT,,
381,SWA459,B737,Dallas Love Fld (KDAL),Reagan National (KDCA),Tue 05:14PM CDT,Tue 08:24PM EDT,,
382,SWA4619,B737,Chicago O'Hare Intl (KORD),Dallas Love Fld (KDAL),Tue 05:33PM CDT,Tue 07:24PM CDT,,
383,SWA462,B38M,Dallas Love Fld (KDAL),Daugherty Field (KLGB),Tue 04:04PM CDT,Tue 04:55PM PDT,,
384,SWA468,B738,Denver Intl (KDEN),Nashville Intl (KBNA),Tue 04:46PM MDT,Tue 07:49PM CDT,,
385,SWA469,B737,Chicago Midway Intl (KMDW),Los Angeles Intl (KLAX),Tue 04:09PM CDT,Tue 05:55PM PDT,,
386,SWA479,B738,Orlando Intl (KMCO),Denver Intl (KDEN),Tue 07:40PM EDT,Tue 09:26PM MDT,,
387,SWA480,B38M,Denver Intl (KDEN),Phoenix Sky Harbor Intl (KPHX),Tue 04:45PM MDT,Tue 05:08PM MST,,
388,SWA4828,B738,Chicago O'Hare Intl (KORD),Baltimore/Washington Intl (KBWI),Tue 06:08PM CDT,Tue 08:27PM EDT,,
389,SWA483,B737,Austin-Bergstrom Intl (KAUS),San Diego Intl (KSAN),Tue 05:41PM CDT,Tue 06:20PM PDT,,
390,SWA506,B738,Eppley Airfield (KOMA),Hartsfield-Jackson Intl (KATL),Tue 06:25PM CDT,Tue 08:59PM EDT,,
391,SWA5087,B38M,Milwaukee Mitchell Intl Airport (KMKE),Harry Reid Intl (KLAS),Tue 04:55PM CDT,Tue 06:16PM PDT,,
392,SWA509,B738,Raleigh-Durham Intl (KRDU),Denver Intl (KDEN),Tue 05:31PM EDT,Tue 06:53PM MDT,,
393,SWA516,B738,Washington Dulles Intl (KIAD),Chicago Midway Intl (KMDW),Tue 07:32PM EDT,Tue 08:12PM CDT,,
394,SWA526,B737,Bob Hope (KBUR),Phoenix Sky Harbor Intl (KPHX),Tue 04:25PM PDT,Tue 05:28PM MST,,
395,SWA5274,B38M,Phoenix Sky Harbor Intl (KPHX),Daniel K Inouye Intl (PHNL),Tue 11:52AM MST,Tue 03:07PM HST,,
396,SWA5325,B38M,Daniel K Inouye Intl (PHNL),Phoenix Sky Harbor Intl (KPHX),Tue 09:58AM HST,Tue 06:18PM MST,,
397,SWA534,B737,San Diego Intl (KSAN),Phoenix Sky Harbor Intl (KPHX),Tue 04:14PM PDT,Tue 05:02PM MST,,
398,SWA54,B737,Eglin AFB/Destin-Ft Walton Beach (KVPS),William P Hobby (KHOU),Tue 06:03PM CDT,Tue 07:37PM CDT,,
399,SWA549,B738,Fort Lauderdale Intl (KFLL),New Orleans Intl (KMSY),Tue 07:07PM EDT,Tue 07:46PM CDT,,
400,SWA55,B38M,Charleston Intl/AFB (KCHS),Dallas Love Fld (KDAL),Tue 06:22PM EDT,Tue 07:44PM CDT,,
401,SWA556,B737,Harry Reid Intl (KLAS),Austin-Bergstrom Intl (KAUS),Tue 02:58PM PDT,Tue 07:04PM CDT,,
402,SWA557,B738,Baltimore/Washington Intl (KBWI),Sarasota/Bradenton Intl (KSRQ),Tue 07:24PM EDT,Tue 09:38PM EDT,,
403,SWA5581,B737,Nashville Intl (KBNA),Baltimore/Washington Intl (KBWI),Tue 06:30PM CDT,Tue 08:51PM EDT,,
404,SWA561,B738,Baltimore/Washington Intl (KBWI),Myrtle Beach Intl (KMYR),Tue 07:24PM EDT,Tue 08:31PM EDT,,
405,SWA562,B738,Denver Intl (KDEN),Ontario Intl (KONT),Tue 04:57PM MDT,Tue 05:51PM PDT,,
406,SWA576,B737,Baltimore/Washington Intl (KBWI),Tampa Intl (KTPA),Tue 06:04PM EDT,Tue 08:12PM EDT,,
407,SWA6001,B737,Nashville Intl (KBNA),Harry Reid Intl (KLAS),Tue 06:12PM CDT,Tue 07:52PM PDT,,
408,SWA61,B738,Harry Reid Intl (KLAS),Dallas Love Fld (KDAL),Tue 04:18PM PDT,Tue 08:22PM CDT,,
409,SWA639,B738,Metro Oakland Intl (KOAK),Baltimore/Washington Intl (KBWI),Tue 12:52PM PDT,Tue 08:17PM EDT,,
410,SWA643,B737,Metro Oakland Intl (KOAK),Denver Intl (KDEN),Tue 03:21PM PDT,Tue 06:18PM MDT,,
411,SWA653,B738,San Francisco Int'l (KSFO),Harry Reid Intl (KLAS),Tue 04:13PM PDT,Tue 05:15PM PDT,,
412,SWA6606,B738,Harry Reid Intl (KLAS),Milwaukee Mitchell Intl Airport (KMKE),Tue 02:09PM PDT,Tue 07:03PM CDT,,
413,SWA678,B38M,Charleston Intl/AFB (KCHS),Baltimore/Washington Intl (KBWI),Tue 07:41PM EDT,Tue 08:54PM EDT,,
414,SWA679,B738,Dallas Love Fld (KDAL),LaGuardia (KLGA),Tue 06:03PM CDT,Tue 09:43PM EDT,,
415,SWA683,B737,John Glenn Columbus Intl Airport (KCMH),Orlando Intl (KMCO),Tue 06:56PM EDT,Tue 08:40PM EDT,,
416,SWA696,B737,Fort Lauderdale Intl (KFLL),Hartsfield-Jackson Intl (KATL),Tue 07:14PM EDT,Tue 08:40PM EDT,,
417,SWA702,B38M,William P Hobby (KHOU),St Louis Lambert Intl (KSTL),Tue 05:45PM CDT,Tue 07:14PM CDT,,
418,SWA733,B737,Kansas City Intl (KMCI),Harry Reid Intl (KLAS),Tue 06:52PM CDT,Tue 07:27PM PDT,,
419,SWA760,B737,William P Hobby (KHOU),Los Angeles Intl (KLAX),Tue 05:03PM CDT,Tue 06:12PM PDT,,
420,SWA766,B737,Baltimore/Washington Intl (KBWI),Fort Lauderdale Intl (KFLL),Tue 07:43PM EDT,Tue 09:57PM EDT,,
421,SWA775,B737,Austin-Bergstrom Intl (KAUS),Hartsfield-Jackson Intl (KATL),Tue 05:53PM CDT,Tue 08:30PM EDT,,
422,SWA785,B738,Denver Intl (KDEN),Baltimore/Washington Intl (KBWI),Tue 04:13PM MDT,Tue 08:59PM EDT,,
423,SWA791,B737,Baltimore/Washington Intl (KBWI),Southwest Florida Intl (KRSW),Tue 07:41PM EDT,Tue 10:01PM EDT,,
424,SWA802,B737,Dallas Love Fld (KDAL),Orlando Intl (KMCO),Tue 06:01PM CDT,Tue 09:06PM EDT,,
425,SWA818,B737,William P Hobby (KHOU),Daugherty Field (KLGB),Tue 06:09PM CDT,Tue 07:15PM PDT,,
426,SWA839,B737,San Diego Intl (KSAN),Phoenix Sky Harbor Intl (KPHX),Tue 04:45PM PDT,Tue 05:39PM MST,,
427,SWA851,B738,Orlando Intl (KMCO),Chicago Midway Intl (KMDW),Tue 07:38PM EDT,Tue 09:04PM CDT,,
428,SWA858,B738,Denver Intl (KDEN),Phoenix Sky Harbor Intl (KPHX),Tue 05:13PM MDT,Tue 05:40PM MST,,
429,SWA879,B737,William P Hobby (KHOU),Chicago Midway Intl (KMDW),Tue 06:47PM CDT,Tue 08:44PM CDT,,
430,SWA897,B38M,San Francisco Int'l (KSFO),Denver Intl (KDEN),Tue 03:21PM PDT,Tue 06:09PM MDT,,
431,SWA9005,B737,Minneapolis/St Paul Intl (KMSP),Denver Intl (KDEN),Tue 05:16PM CDT,Tue 05:55PM MDT,,
432,SWA935,B38M,Phoenix Sky Harbor Intl (KPHX),Chicago Midway Intl (KMDW),Tue 04:18PM MST,Tue 09:02PM CDT,,
433,SWA937,B737,Dallas Love Fld (KDAL),Denver Intl (KDEN),Tue 06:30PM CDT,Tue 07:06PM MDT,,
434,SWA939,B737,Kansas City Intl (KMCI),Reagan National (KDCA),Tue 05:38PM CDT,Tue 08:29PM EDT,,
435,SWA946,B738,Savannah/Hilton Head Intl (KSAV),Baltimore/Washington Intl (KBWI),Tue 07:02PM EDT,Tue 08:18PM EDT,,
436,SWA949,B737,Reagan National (KDCA),Kansas City Intl (KMCI),Tue 05:46PM EDT,Tue 07:06PM CDT,,
437,SWA954,B737,Indianapolis Intl (KIND),Phoenix Sky Harbor Intl (KPHX),Tue 07:17PM EDT,Tue 07:38PM MST,,
438,SWA956,B738,Austin-Bergstrom Intl (KAUS),Fort Lauderdale Intl (KFLL),Tue 06:25PM CDT,Tue 09:32PM EDT,,
439,SWA964,B38M,New Orleans Intl (KMSY),Phoenix Sky Harbor Intl (KPHX),Tue 05:25PM CDT,Tue 06:28PM MST,,
